"","tank","sync.x","block.x","trt.x","order.x","trt.y","order.y","sd","se","ci","cont","adj","biom_cont","emer_cont","emsd_cont","mass_cont","surv_cont","X","block.y","trt","order","sync.y","surv","biom","mass","emer","emsd","rana"
"1",1,"high",1,"early_high","early","cont_high","cont",41.9,6.2,12.4,177.2,0,NA,NA,NA,177.2,NA,1,1,"early_high","early","high",0.666666666666667,5906.65365103766,197.433333333333,85.6666666666667,26.7586058774695,0
"2",1,"high",1,"early_high","early","cont_high","cont",0.22,0.16,1.98,0.62,0,NA,NA,NA,NA,0.62,1,1,"early_high","early","high",0.666666666666667,5906.65365103766,197.433333333333,85.6666666666667,26.7586058774695,0
"3",1,"high",1,"early_high","early","cont_high","cont",5.6,4,50.2,15.1,0,NA,NA,15.1,NA,NA,1,1,"early_high","early","high",0.666666666666667,5906.65365103766,197.433333333333,85.6666666666667,26.7586058774695,0
"4",1,"high",1,"early_high","early","cont_high","cont",24.4,3.3,6.5,55.8,0,NA,55.8,NA,NA,NA,1,1,"early_high","early","high",0.666666666666667,5906.65365103766,197.433333333333,85.6666666666667,26.7586058774695,0
"5",1,"high",1,"early_high","early","cont_high","cont",1678.3,1186.7,15078.9,5035.4,0,5035.4,NA,NA,NA,NA,1,1,"early_high","early","high",0.666666666666667,5906.65365103766,197.433333333333,85.6666666666667,26.7586058774695,0
"6",2,"med",1,"early_med","early","cont_med","cont",45.8,6.1,12.3,197.4,0,NA,NA,NA,197.4,NA,2,1,"early_med","early","med",0.822222222222222,6480.32275172944,172.5125,67.0810810810811,29.7268849307775,0
"7",2,"med",1,"early_med","early","cont_med","cont",0.03,0.02,0.28,0.69,0,NA,NA,NA,NA,0.69,2,1,"early_med","early","med",0.822222222222222,6480.32275172944,172.5125,67.0810810810811,29.7268849307775,0
"8",2,"med",1,"early_med","early","cont_med","cont",1.3,0.9,11.9,16.9,0,NA,NA,16.9,NA,NA,2,1,"early_med","early","med",0.822222222222222,6480.32275172944,172.5125,67.0810810810811,29.7268849307775,0
"9",2,"med",1,"early_med","early","cont_med","cont",16.8,2.1,4.3,43.8,0,NA,43.8,NA,NA,NA,2,1,"early_med","early","med",0.822222222222222,6480.32275172944,172.5125,67.0810810810811,29.7268849307775,0
"10",2,"med",1,"early_med","early","cont_med","cont",497.2,351.6,4467.5,6102.8,0,6102.8,NA,NA,NA,NA,2,1,"early_med","early","med",0.822222222222222,6480.32275172944,172.5125,67.0810810810811,29.7268849307775,0
"11",3,"low",1,"early_low","early","cont_low","cont",0.03,0.02,0.28,0.58,0,NA,NA,NA,NA,0.58,3,1,"early_low","early","low",0.644444444444444,5636.58455034589,194.45,44.6206896551724,15.1478753651731,0
"12",3,"low",1,"early_low","early","cont_low","cont",53.8,7.5,15.1,236.5,0,NA,NA,NA,236.5,NA,3,1,"early_low","early","low",0.644444444444444,5636.58455034589,194.45,44.6206896551724,15.1478753651731,0
"13",3,"low",1,"early_low","early","cont_low","cont",0.8,0.6,7.6,10.3,0,NA,NA,10.3,NA,NA,3,1,"early_low","early","low",0.644444444444444,5636.58455034589,194.45,44.6206896551724,15.1478753651731,0
"14",3,"low",1,"early_low","early","cont_low","cont",10.2,1.4,2.9,33.4,0,NA,33.4,NA,NA,NA,3,1,"early_low","early","low",0.644444444444444,5636.58455034589,194.45,44.6206896551724,15.1478753651731,0
"15",3,"low",1,"early_low","early","cont_low","cont",775.1,548.1,6964.2,6127.3,0,6127.3,NA,NA,NA,NA,3,1,"early_low","early","low",0.644444444444444,5636.58455034589,194.45,44.6206896551724,15.1478753651731,0
"16",4,"high",1,"same_high","same","cont_high","cont",5.6,4,50.2,15.1,0,NA,NA,15.1,NA,NA,4,1,"same_high","same","high",0.244444444444444,2224.86910069178,204.544444444444,120.272727272727,22.7995215260799,0.166666666666667
"17",4,"high",1,"same_high","same","cont_high","cont",1678.3,1186.7,15078.9,5035.4,0,5035.4,NA,NA,NA,NA,4,1,"same_high","same","high",0.244444444444444,2224.86910069178,204.544444444444,120.272727272727,22.7995215260799,0.166666666666667
"18",4,"high",1,"same_high","same","cont_high","cont",0.22,0.16,1.98,0.62,0,NA,NA,NA,NA,0.62,4,1,"same_high","same","high",0.244444444444444,2224.86910069178,204.544444444444,120.272727272727,22.7995215260799,0.166666666666667
"19",4,"high",1,"same_high","same","cont_high","cont",24.4,3.3,6.5,55.8,0,NA,55.8,NA,NA,NA,4,1,"same_high","same","high",0.244444444444444,2224.86910069178,204.544444444444,120.272727272727,22.7995215260799,0.166666666666667
"20",4,"high",1,"same_high","same","cont_high","cont",41.9,6.2,12.4,177.2,0,NA,NA,NA,177.2,NA,4,1,"same_high","same","high",0.244444444444444,2224.86910069178,204.544444444444,120.272727272727,22.7995215260799,0.166666666666667
"21",5,"med",1,"same_med","same","cont_med","cont",45.8,6.1,12.3,197.4,0,NA,NA,NA,197.4,NA,5,1,"same_med","same","med",0.688888888888889,5685.68455034589,183.123333333333,83.8387096774194,32.8928530982984,0.3
"22",5,"med",1,"same_med","same","cont_med","cont",1.3,0.9,11.9,16.9,0,NA,NA,16.9,NA,NA,5,1,"same_med","same","med",0.688888888888889,5685.68455034589,183.123333333333,83.8387096774194,32.8928530982984,0.3
"23",5,"med",1,"same_med","same","cont_med","cont",16.8,2.1,4.3,43.8,0,NA,43.8,NA,NA,NA,5,1,"same_med","same","med",0.688888888888889,5685.68455034589,183.123333333333,83.8387096774194,32.8928530982984,0.3
"24",5,"med",1,"same_med","same","cont_med","cont",497.2,351.6,4467.5,6102.8,0,6102.8,NA,NA,NA,NA,5,1,"same_med","same","med",0.688888888888889,5685.68455034589,183.123333333333,83.8387096774194,32.8928530982984,0.3
"25",5,"med",1,"same_med","same","cont_med","cont",0.03,0.02,0.28,0.69,0,NA,NA,NA,NA,0.69,5,1,"same_med","same","med",0.688888888888889,5685.68455034589,183.123333333333,83.8387096774194,32.8928530982984,0.3
"26",6,"low",1,"same_low","same","cont_low","cont",53.8,7.5,15.1,236.5,0,NA,NA,NA,236.5,NA,6,1,"same_low","same","low",0.422222222222222,3223.7,169.668421052632,68.4736842105263,26.160547949266,0.4
"27",6,"low",1,"same_low","same","cont_low","cont",775.1,548.1,6964.2,6127.3,0,6127.3,NA,NA,NA,NA,6,1,"same_low","same","low",0.422222222222222,3223.7,169.668421052632,68.4736842105263,26.160547949266,0.4
"28",6,"low",1,"same_low","same","cont_low","cont",0.03,0.02,0.28,0.58,0,NA,NA,NA,NA,0.58,6,1,"same_low","same","low",0.422222222222222,3223.7,169.668421052632,68.4736842105263,26.160547949266,0.4
"29",6,"low",1,"same_low","same","cont_low","cont",10.2,1.4,2.9,33.4,0,NA,33.4,NA,NA,NA,6,1,"same_low","same","low",0.422222222222222,3223.7,169.668421052632,68.4736842105263,26.160547949266,0.4
"30",6,"low",1,"same_low","same","cont_low","cont",0.8,0.6,7.6,10.3,0,NA,NA,10.3,NA,NA,6,1,"same_low","same","low",0.422222222222222,3223.7,169.668421052632,68.4736842105263,26.160547949266,0.4
"31",7,"high",1,"late_high","late","cont_high","cont",41.9,6.2,12.4,177.2,0,NA,NA,NA,177.2,NA,7,1,"late_high","late","high",0.577777777777778,4558.1,175.311538461538,102.423076923077,18.0602836675908,0
"32",7,"high",1,"late_high","late","cont_high","cont",5.6,4,50.2,15.1,0,NA,NA,15.1,NA,NA,7,1,"late_high","late","high",0.577777777777778,4558.1,175.311538461538,102.423076923077,18.0602836675908,0
"33",7,"high",1,"late_high","late","cont_high","cont",24.4,3.3,6.5,55.8,0,NA,55.8,NA,NA,NA,7,1,"late_high","late","high",0.577777777777778,4558.1,175.311538461538,102.423076923077,18.0602836675908,0
"34",7,"high",1,"late_high","late","cont_high","cont",1678.3,1186.7,15078.9,5035.4,0,5035.4,NA,NA,NA,NA,7,1,"late_high","late","high",0.577777777777778,4558.1,175.311538461538,102.423076923077,18.0602836675908,0
"35",7,"high",1,"late_high","late","cont_high","cont",0.22,0.16,1.98,0.62,0,NA,NA,NA,NA,0.62,7,1,"late_high","late","high",0.577777777777778,4558.1,175.311538461538,102.423076923077,18.0602836675908,0
"36",8,"med",1,"late_med","late","cont_med","cont",497.2,351.6,4467.5,6102.8,0,6102.8,NA,NA,NA,NA,8,1,"late_med","late","med",0.444444444444444,4241.46910069178,214.305555555556,120.2,17.7426040929735,0.133333333333333
"37",8,"med",1,"late_med","late","cont_med","cont",45.8,6.1,12.3,197.4,0,NA,NA,NA,197.4,NA,8,1,"late_med","late","med",0.444444444444444,4241.46910069178,214.305555555556,120.2,17.7426040929735,0.133333333333333
"38",8,"med",1,"late_med","late","cont_med","cont",1.3,0.9,11.9,16.9,0,NA,NA,16.9,NA,NA,8,1,"late_med","late","med",0.444444444444444,4241.46910069178,214.305555555556,120.2,17.7426040929735,0.133333333333333
"39",8,"med",1,"late_med","late","cont_med","cont",16.8,2.1,4.3,43.8,0,NA,43.8,NA,NA,NA,8,1,"late_med","late","med",0.444444444444444,4241.46910069178,214.305555555556,120.2,17.7426040929735,0.133333333333333
"40",8,"med",1,"late_med","late","cont_med","cont",0.03,0.02,0.28,0.69,0,NA,NA,NA,NA,0.69,8,1,"late_med","late","med",0.444444444444444,4241.46910069178,214.305555555556,120.2,17.7426040929735,0.133333333333333
"41",9,"low",1,"late_low","late","cont_low","cont",0.03,0.02,0.28,0.58,0,NA,NA,NA,NA,0.58,9,1,"late_low","late","low",0.333333333333333,2900.8,193.386666666667,92.9333333333333,25.1721690610502,0
"42",9,"low",1,"late_low","late","cont_low","cont",775.1,548.1,6964.2,6127.3,0,6127.3,NA,NA,NA,NA,9,1,"late_low","late","low",0.333333333333333,2900.8,193.386666666667,92.9333333333333,25.1721690610502,0
"43",9,"low",1,"late_low","late","cont_low","cont",0.8,0.6,7.6,10.3,0,NA,NA,10.3,NA,NA,9,1,"late_low","late","low",0.333333333333333,2900.8,193.386666666667,92.9333333333333,25.1721690610502,0
"44",9,"low",1,"late_low","late","cont_low","cont",10.2,1.4,2.9,33.4,0,NA,33.4,NA,NA,NA,9,1,"late_low","late","low",0.333333333333333,2900.8,193.386666666667,92.9333333333333,25.1721690610502,0
"45",9,"low",1,"late_low","late","cont_low","cont",53.8,7.5,15.1,236.5,0,NA,NA,NA,236.5,NA,9,1,"late_low","late","low",0.333333333333333,2900.8,193.386666666667,92.9333333333333,25.1721690610502,0
"46",11,"med",2,"early_med","early","cont_med","cont",0.03,0.02,0.28,0.69,0,NA,NA,NA,NA,0.69,11,2,"early_med","early","med",0.8,7241.66910069178,201.697058823529,79.3888888888889,28.3853863586557,0
"47",11,"med",2,"early_med","early","cont_med","cont",1.3,0.9,11.9,16.9,0,NA,NA,16.9,NA,NA,11,2,"early_med","early","med",0.8,7241.66910069178,201.697058823529,79.3888888888889,28.3853863586557,0
"48",11,"med",2,"early_med","early","cont_med","cont",497.2,351.6,4467.5,6102.8,0,6102.8,NA,NA,NA,NA,11,2,"early_med","early","med",0.8,7241.66910069178,201.697058823529,79.3888888888889,28.3853863586557,0
"49",11,"med",2,"early_med","early","cont_med","cont",45.8,6.1,12.3,197.4,0,NA,NA,NA,197.4,NA,11,2,"early_med","early","med",0.8,7241.66910069178,201.697058823529,79.3888888888889,28.3853863586557,0
"50",11,"med",2,"early_med","early","cont_med","cont",16.8,2.1,4.3,43.8,0,NA,43.8,NA,NA,NA,11,2,"early_med","early","med",0.8,7241.66910069178,201.697058823529,79.3888888888889,28.3853863586557,0
"51",12,"low",2,"same_low","same","cont_low","cont",10.2,1.4,2.9,33.4,0,NA,33.4,NA,NA,NA,12,2,"same_low","same","low",0.422222222222222,3531.2,185.852631578947,64.5789473684211,24.0423602776287,0.5
"52",12,"low",2,"same_low","same","cont_low","cont",775.1,548.1,6964.2,6127.3,0,6127.3,NA,NA,NA,NA,12,2,"same_low","same","low",0.422222222222222,3531.2,185.852631578947,64.5789473684211,24.0423602776287,0.5
"53",12,"low",2,"same_low","same","cont_low","cont",0.03,0.02,0.28,0.58,0,NA,NA,NA,NA,0.58,12,2,"same_low","same","low",0.422222222222222,3531.2,185.852631578947,64.5789473684211,24.0423602776287,0.5
"54",12,"low",2,"same_low","same","cont_low","cont",53.8,7.5,15.1,236.5,0,NA,NA,NA,236.5,NA,12,2,"same_low","same","low",0.422222222222222,3531.2,185.852631578947,64.5789473684211,24.0423602776287,0.5
"55",12,"low",2,"same_low","same","cont_low","cont",0.8,0.6,7.6,10.3,0,NA,NA,10.3,NA,NA,12,2,"same_low","same","low",0.422222222222222,3531.2,185.852631578947,64.5789473684211,24.0423602776287,0.5
"56",13,"low",2,"early_low","early","cont_low","cont",0.03,0.02,0.28,0.58,0,NA,NA,NA,NA,0.58,13,2,"early_low","early","low",0.511111111111111,4983.08455034589,217.777272727273,80.8695652173913,16.6195513226443,0
"57",13,"low",2,"early_low","early","cont_low","cont",775.1,548.1,6964.2,6127.3,0,6127.3,NA,NA,NA,NA,13,2,"early_low","early","low",0.511111111111111,4983.08455034589,217.777272727273,80.8695652173913,16.6195513226443,0
"58",13,"low",2,"early_low","early","cont_low","cont",0.8,0.6,7.6,10.3,0,NA,NA,10.3,NA,NA,13,2,"early_low","early","low",0.511111111111111,4983.08455034589,217.777272727273,80.8695652173913,16.6195513226443,0
"59",13,"low",2,"early_low","early","cont_low","cont",10.2,1.4,2.9,33.4,0,NA,33.4,NA,NA,NA,13,2,"early_low","early","low",0.511111111111111,4983.08455034589,217.777272727273,80.8695652173913,16.6195513226443,0
"60",13,"low",2,"early_low","early","cont_low","cont",53.8,7.5,15.1,236.5,0,NA,NA,NA,236.5,NA,13,2,"early_low","early","low",0.511111111111111,4983.08455034589,217.777272727273,80.8695652173913,16.6195513226443,0
"61",14,"med",2,"same_med","same","cont_med","cont",45.8,6.1,12.3,197.4,0,NA,NA,NA,197.4,NA,14,2,"same_med","same","med",0.511111111111111,4327.28455034589,187.968181818182,92.9130434782609,20.8390216213331,0.666666666666667
"62",14,"med",2,"same_med","same","cont_med","cont",1.3,0.9,11.9,16.9,0,NA,NA,16.9,NA,NA,14,2,"same_med","same","med",0.511111111111111,4327.28455034589,187.968181818182,92.9130434782609,20.8390216213331,0.666666666666667
"63",14,"med",2,"same_med","same","cont_med","cont",16.8,2.1,4.3,43.8,0,NA,43.8,NA,NA,NA,14,2,"same_med","same","med",0.511111111111111,4327.28455034589,187.968181818182,92.9130434782609,20.8390216213331,0.666666666666667
"64",14,"med",2,"same_med","same","cont_med","cont",497.2,351.6,4467.5,6102.8,0,6102.8,NA,NA,NA,NA,14,2,"same_med","same","med",0.511111111111111,4327.28455034589,187.968181818182,92.9130434782609,20.8390216213331,0.666666666666667
"65",14,"med",2,"same_med","same","cont_med","cont",0.03,0.02,0.28,0.69,0,NA,NA,NA,NA,0.69,14,2,"same_med","same","med",0.511111111111111,4327.28455034589,187.968181818182,92.9130434782609,20.8390216213331,0.666666666666667
"66",15,"high",2,"early_high","early","cont_high","cont",0.22,0.16,1.98,0.62,0,NA,NA,NA,NA,0.62,15,2,"early_high","early","high",0.288888888888889,2459.45365103766,188.35,71.6153846153846,41.8121562497847,0.166666666666667
"67",15,"high",2,"early_high","early","cont_high","cont",1678.3,1186.7,15078.9,5035.4,0,5035.4,NA,NA,NA,NA,15,2,"early_high","early","high",0.288888888888889,2459.45365103766,188.35,71.6153846153846,41.8121562497847,0.166666666666667
"68",15,"high",2,"early_high","early","cont_high","cont",5.6,4,50.2,15.1,0,NA,NA,15.1,NA,NA,15,2,"early_high","early","high",0.288888888888889,2459.45365103766,188.35,71.6153846153846,41.8121562497847,0.166666666666667
"69",15,"high",2,"early_high","early","cont_high","cont",24.4,3.3,6.5,55.8,0,NA,55.8,NA,NA,NA,15,2,"early_high","early","high",0.288888888888889,2459.45365103766,188.35,71.6153846153846,41.8121562497847,0.166666666666667
"70",15,"high",2,"early_high","early","cont_high","cont",41.9,6.2,12.4,177.2,0,NA,NA,NA,177.2,NA,15,2,"early_high","early","high",0.288888888888889,2459.45365103766,188.35,71.6153846153846,41.8121562497847,0.166666666666667
"71",16,"med",2,"late_med","late","cont_med","cont",497.2,351.6,4467.5,6102.8,0,6102.8,NA,NA,NA,NA,16,2,"late_med","late","med",0.2,1613.56910069178,175.657142857143,105.333333333333,23.9582971014219,0.1
"72",16,"med",2,"late_med","late","cont_med","cont",45.8,6.1,12.3,197.4,0,NA,NA,NA,197.4,NA,16,2,"late_med","late","med",0.2,1613.56910069178,175.657142857143,105.333333333333,23.9582971014219,0.1
"73",16,"med",2,"late_med","late","cont_med","cont",1.3,0.9,11.9,16.9,0,NA,NA,16.9,NA,NA,16,2,"late_med","late","med",0.2,1613.56910069178,175.657142857143,105.333333333333,23.9582971014219,0.1
"74",16,"med",2,"late_med","late","cont_med","cont",16.8,2.1,4.3,43.8,0,NA,43.8,NA,NA,NA,16,2,"late_med","late","med",0.2,1613.56910069178,175.657142857143,105.333333333333,23.9582971014219,0.1
"75",16,"med",2,"late_med","late","cont_med","cont",0.03,0.02,0.28,0.69,0,NA,NA,NA,NA,0.69,16,2,"late_med","late","med",0.2,1613.56910069178,175.657142857143,105.333333333333,23.9582971014219,0.1
"76",17,"high",2,"same_high","same","cont_high","cont",0.22,0.16,1.98,0.62,0,NA,NA,NA,NA,0.62,17,2,"same_high","same","high",0.511111111111111,4338.16910069178,188.295238095238,91.1739130434783,24.4756877030565,0.566666666666667
"77",17,"high",2,"same_high","same","cont_high","cont",24.4,3.3,6.5,55.8,0,NA,55.8,NA,NA,NA,17,2,"same_high","same","high",0.511111111111111,4338.16910069178,188.295238095238,91.1739130434783,24.4756877030565,0.566666666666667
"78",17,"high",2,"same_high","same","cont_high","cont",1678.3,1186.7,15078.9,5035.4,0,5035.4,NA,NA,NA,NA,17,2,"same_high","same","high",0.511111111111111,4338.16910069178,188.295238095238,91.1739130434783,24.4756877030565,0.566666666666667
"79",17,"high",2,"same_high","same","cont_high","cont",5.6,4,50.2,15.1,0,NA,NA,15.1,NA,NA,17,2,"same_high","same","high",0.511111111111111,4338.16910069178,188.295238095238,91.1739130434783,24.4756877030565,0.566666666666667
"80",17,"high",2,"same_high","same","cont_high","cont",41.9,6.2,12.4,177.2,0,NA,NA,NA,177.2,NA,17,2,"same_high","same","high",0.511111111111111,4338.16910069178,188.295238095238,91.1739130434783,24.4756877030565,0.566666666666667
"81",18,"high",2,"late_high","late","cont_high","cont",41.9,6.2,12.4,177.2,0,NA,NA,NA,177.2,NA,18,2,"late_high","late","high",0.311111111111111,2528.56910069178,178.716666666667,97,17.3914214042883,0.4
"82",18,"high",2,"late_high","late","cont_high","cont",0.22,0.16,1.98,0.62,0,NA,NA,NA,NA,0.62,18,2,"late_high","late","high",0.311111111111111,2528.56910069178,178.716666666667,97,17.3914214042883,0.4
"83",18,"high",2,"late_high","late","cont_high","cont",5.6,4,50.2,15.1,0,NA,NA,15.1,NA,NA,18,2,"late_high","late","high",0.311111111111111,2528.56910069178,178.716666666667,97,17.3914214042883,0.4
"84",18,"high",2,"late_high","late","cont_high","cont",24.4,3.3,6.5,55.8,0,NA,55.8,NA,NA,NA,18,2,"late_high","late","high",0.311111111111111,2528.56910069178,178.716666666667,97,17.3914214042883,0.4
"85",18,"high",2,"late_high","late","cont_high","cont",1678.3,1186.7,15078.9,5035.4,0,5035.4,NA,NA,NA,NA,18,2,"late_high","late","high",0.311111111111111,2528.56910069178,178.716666666667,97,17.3914214042883,0.4
"86",19,"low",2,"late_low","late","cont_low","cont",10.2,1.4,2.9,33.4,0,NA,33.4,NA,NA,NA,19,2,"late_low","late","low",0.6,5898.05365103766,221.754166666667,101.037037037037,13.9324786062624,0
"87",19,"low",2,"late_low","late","cont_low","cont",775.1,548.1,6964.2,6127.3,0,6127.3,NA,NA,NA,NA,19,2,"late_low","late","low",0.6,5898.05365103766,221.754166666667,101.037037037037,13.9324786062624,0
"88",19,"low",2,"late_low","late","cont_low","cont",0.03,0.02,0.28,0.58,0,NA,NA,NA,NA,0.58,19,2,"late_low","late","low",0.6,5898.05365103766,221.754166666667,101.037037037037,13.9324786062624,0
"89",19,"low",2,"late_low","late","cont_low","cont",53.8,7.5,15.1,236.5,0,NA,NA,NA,236.5,NA,19,2,"late_low","late","low",0.6,5898.05365103766,221.754166666667,101.037037037037,13.9324786062624,0
"90",19,"low",2,"late_low","late","cont_low","cont",0.8,0.6,7.6,10.3,0,NA,NA,10.3,NA,NA,19,2,"late_low","late","low",0.6,5898.05365103766,221.754166666667,101.037037037037,13.9324786062624,0
"91",21,"med",3,"same_med","same","cont_med","cont",45.8,6.1,12.3,197.4,0,NA,NA,NA,197.4,NA,21,3,"same_med","same","med",0.488888888888889,3842.7,174.668181818182,58.5454545454545,35.9135566295452,0
"92",21,"med",3,"same_med","same","cont_med","cont",0.03,0.02,0.28,0.69,0,NA,NA,NA,NA,0.69,21,3,"same_med","same","med",0.488888888888889,3842.7,174.668181818182,58.5454545454545,35.9135566295452,0
"93",21,"med",3,"same_med","same","cont_med","cont",1.3,0.9,11.9,16.9,0,NA,NA,16.9,NA,NA,21,3,"same_med","same","med",0.488888888888889,3842.7,174.668181818182,58.5454545454545,35.9135566295452,0
"94",21,"med",3,"same_med","same","cont_med","cont",16.8,2.1,4.3,43.8,0,NA,43.8,NA,NA,NA,21,3,"same_med","same","med",0.488888888888889,3842.7,174.668181818182,58.5454545454545,35.9135566295452,0
"95",21,"med",3,"same_med","same","cont_med","cont",497.2,351.6,4467.5,6102.8,0,6102.8,NA,NA,NA,NA,21,3,"same_med","same","med",0.488888888888889,3842.7,174.668181818182,58.5454545454545,35.9135566295452,0
"96",22,"high",3,"same_high","same","cont_high","cont",0.22,0.16,1.98,0.62,0,NA,NA,NA,NA,0.62,22,3,"same_high","same","high",0.0666666666666667,416.2,138.733333333333,100.666666666667,59.8776530379518,0.1
"97",22,"high",3,"same_high","same","cont_high","cont",24.4,3.3,6.5,55.8,0,NA,55.8,NA,NA,NA,22,3,"same_high","same","high",0.0666666666666667,416.2,138.733333333333,100.666666666667,59.8776530379518,0.1
"98",22,"high",3,"same_high","same","cont_high","cont",41.9,6.2,12.4,177.2,0,NA,NA,NA,177.2,NA,22,3,"same_high","same","high",0.0666666666666667,416.2,138.733333333333,100.666666666667,59.8776530379518,0.1
"99",22,"high",3,"same_high","same","cont_high","cont",5.6,4,50.2,15.1,0,NA,NA,15.1,NA,NA,22,3,"same_high","same","high",0.0666666666666667,416.2,138.733333333333,100.666666666667,59.8776530379518,0.1
"100",22,"high",3,"same_high","same","cont_high","cont",1678.3,1186.7,15078.9,5035.4,0,5035.4,NA,NA,NA,NA,22,3,"same_high","same","high",0.0666666666666667,416.2,138.733333333333,100.666666666667,59.8776530379518,0.1
"101",23,"low",3,"late_low","late","cont_low","cont",0.03,0.02,0.28,0.58,0,NA,NA,NA,NA,0.58,23,3,"late_low","late","low",0.222222222222222,1718.5,171.85,69.1,42.5531040779244,0
"102",23,"low",3,"late_low","late","cont_low","cont",53.8,7.5,15.1,236.5,0,NA,NA,NA,236.5,NA,23,3,"late_low","late","low",0.222222222222222,1718.5,171.85,69.1,42.5531040779244,0
"103",23,"low",3,"late_low","late","cont_low","cont",0.8,0.6,7.6,10.3,0,NA,NA,10.3,NA,NA,23,3,"late_low","late","low",0.222222222222222,1718.5,171.85,69.1,42.5531040779244,0
"104",23,"low",3,"late_low","late","cont_low","cont",10.2,1.4,2.9,33.4,0,NA,33.4,NA,NA,NA,23,3,"late_low","late","low",0.222222222222222,1718.5,171.85,69.1,42.5531040779244,0
"105",23,"low",3,"late_low","late","cont_low","cont",775.1,548.1,6964.2,6127.3,0,6127.3,NA,NA,NA,NA,23,3,"late_low","late","low",0.222222222222222,1718.5,171.85,69.1,42.5531040779244,0
"106",24,"med",3,"early_med","early","cont_med","cont",45.8,6.1,12.3,197.4,0,NA,NA,NA,197.4,NA,24,3,"early_med","early","med",0.733333333333333,5617.28455034589,169.540625,51.0606060606061,23.0758794441558,0
"107",24,"med",3,"early_med","early","cont_med","cont",1.3,0.9,11.9,16.9,0,NA,NA,16.9,NA,NA,24,3,"early_med","early","med",0.733333333333333,5617.28455034589,169.540625,51.0606060606061,23.0758794441558,0
"108",24,"med",3,"early_med","early","cont_med","cont",16.8,2.1,4.3,43.8,0,NA,43.8,NA,NA,NA,24,3,"early_med","early","med",0.733333333333333,5617.28455034589,169.540625,51.0606060606061,23.0758794441558,0
"109",24,"med",3,"early_med","early","cont_med","cont",497.2,351.6,4467.5,6102.8,0,6102.8,NA,NA,NA,NA,24,3,"early_med","early","med",0.733333333333333,5617.28455034589,169.540625,51.0606060606061,23.0758794441558,0
"110",24,"med",3,"early_med","early","cont_med","cont",0.03,0.02,0.28,0.69,0,NA,NA,NA,NA,0.69,24,3,"early_med","early","med",0.733333333333333,5617.28455034589,169.540625,51.0606060606061,23.0758794441558,0
"111",25,"low",3,"same_low","same","cont_low","cont",53.8,7.5,15.1,236.5,0,NA,NA,NA,236.5,NA,25,3,"same_low","same","low",0.511111111111111,4174.8,181.513043478261,47,22.2220202011019,0.166666666666667
"112",25,"low",3,"same_low","same","cont_low","cont",775.1,548.1,6964.2,6127.3,0,6127.3,NA,NA,NA,NA,25,3,"same_low","same","low",0.511111111111111,4174.8,181.513043478261,47,22.2220202011019,0.166666666666667
"113",25,"low",3,"same_low","same","cont_low","cont",0.03,0.02,0.28,0.58,0,NA,NA,NA,NA,0.58,25,3,"same_low","same","low",0.511111111111111,4174.8,181.513043478261,47,22.2220202011019,0.166666666666667
"114",25,"low",3,"same_low","same","cont_low","cont",10.2,1.4,2.9,33.4,0,NA,33.4,NA,NA,NA,25,3,"same_low","same","low",0.511111111111111,4174.8,181.513043478261,47,22.2220202011019,0.166666666666667
"115",25,"low",3,"same_low","same","cont_low","cont",0.8,0.6,7.6,10.3,0,NA,NA,10.3,NA,NA,25,3,"same_low","same","low",0.511111111111111,4174.8,181.513043478261,47,22.2220202011019,0.166666666666667
"116",26,"high",3,"early_high","early","cont_high","cont",0.22,0.16,1.98,0.62,0,NA,NA,NA,NA,0.62,26,3,"early_high","early","high",0.644444444444444,5490.68455034589,189.239285714286,50.0689655172414,13.9205168071211,0.233333333333333
"117",26,"high",3,"early_high","early","cont_high","cont",24.4,3.3,6.5,55.8,0,NA,55.8,NA,NA,NA,26,3,"early_high","early","high",0.644444444444444,5490.68455034589,189.239285714286,50.0689655172414,13.9205168071211,0.233333333333333
"118",26,"high",3,"early_high","early","cont_high","cont",1678.3,1186.7,15078.9,5035.4,0,5035.4,NA,NA,NA,NA,26,3,"early_high","early","high",0.644444444444444,5490.68455034589,189.239285714286,50.0689655172414,13.9205168071211,0.233333333333333
"119",26,"high",3,"early_high","early","cont_high","cont",5.6,4,50.2,15.1,0,NA,NA,15.1,NA,NA,26,3,"early_high","early","high",0.644444444444444,5490.68455034589,189.239285714286,50.0689655172414,13.9205168071211,0.233333333333333
"120",26,"high",3,"early_high","early","cont_high","cont",41.9,6.2,12.4,177.2,0,NA,NA,NA,177.2,NA,26,3,"early_high","early","high",0.644444444444444,5490.68455034589,189.239285714286,50.0689655172414,13.9205168071211,0.233333333333333
"121",27,"med",3,"late_med","late","cont_med","cont",0.03,0.02,0.28,0.69,0,NA,NA,NA,NA,0.69,27,3,"late_med","late","med",0.177777777777778,2330.16910069178,324.366666666667,121.125,14.065535386692,0
"122",27,"med",3,"late_med","late","cont_med","cont",1.3,0.9,11.9,16.9,0,NA,NA,16.9,NA,NA,27,3,"late_med","late","med",0.177777777777778,2330.16910069178,324.366666666667,121.125,14.065535386692,0
"123",27,"med",3,"late_med","late","cont_med","cont",497.2,351.6,4467.5,6102.8,0,6102.8,NA,NA,NA,NA,27,3,"late_med","late","med",0.177777777777778,2330.16910069178,324.366666666667,121.125,14.065535386692,0
"124",27,"med",3,"late_med","late","cont_med","cont",45.8,6.1,12.3,197.4,0,NA,NA,NA,197.4,NA,27,3,"late_med","late","med",0.177777777777778,2330.16910069178,324.366666666667,121.125,14.065535386692,0
"125",27,"med",3,"late_med","late","cont_med","cont",16.8,2.1,4.3,43.8,0,NA,43.8,NA,NA,NA,27,3,"late_med","late","med",0.177777777777778,2330.16910069178,324.366666666667,121.125,14.065535386692,0
"126",28,"high",3,"late_high","late","cont_high","cont",24.4,3.3,6.5,55.8,0,NA,55.8,NA,NA,NA,28,3,"late_high","late","high",0.177777777777778,1653.88455034589,208.842857142857,116.5,28.7352446607696,0.0333333333333333
"127",28,"high",3,"late_high","late","cont_high","cont",41.9,6.2,12.4,177.2,0,NA,NA,NA,177.2,NA,28,3,"late_high","late","high",0.177777777777778,1653.88455034589,208.842857142857,116.5,28.7352446607696,0.0333333333333333
"128",28,"high",3,"late_high","late","cont_high","cont",0.22,0.16,1.98,0.62,0,NA,NA,NA,NA,0.62,28,3,"late_high","late","high",0.177777777777778,1653.88455034589,208.842857142857,116.5,28.7352446607696,0.0333333333333333
"129",28,"high",3,"late_high","late","cont_high","cont",5.6,4,50.2,15.1,0,NA,NA,15.1,NA,NA,28,3,"late_high","late","high",0.177777777777778,1653.88455034589,208.842857142857,116.5,28.7352446607696,0.0333333333333333
"130",28,"high",3,"late_high","late","cont_high","cont",1678.3,1186.7,15078.9,5035.4,0,5035.4,NA,NA,NA,NA,28,3,"late_high","late","high",0.177777777777778,1653.88455034589,208.842857142857,116.5,28.7352446607696,0.0333333333333333
"131",29,"low",3,"early_low","early","cont_low","cont",0.03,0.02,0.28,0.58,0,NA,NA,NA,NA,0.58,29,3,"early_low","early","low",0.533333333333333,4905.15365103766,206.152380952381,36.75,14.7743902986097,0
"132",29,"low",3,"early_low","early","cont_low","cont",53.8,7.5,15.1,236.5,0,NA,NA,NA,236.5,NA,29,3,"early_low","early","low",0.533333333333333,4905.15365103766,206.152380952381,36.75,14.7743902986097,0
"133",29,"low",3,"early_low","early","cont_low","cont",0.8,0.6,7.6,10.3,0,NA,NA,10.3,NA,NA,29,3,"early_low","early","low",0.533333333333333,4905.15365103766,206.152380952381,36.75,14.7743902986097,0
"134",29,"low",3,"early_low","early","cont_low","cont",10.2,1.4,2.9,33.4,0,NA,33.4,NA,NA,NA,29,3,"early_low","early","low",0.533333333333333,4905.15365103766,206.152380952381,36.75,14.7743902986097,0
"135",29,"low",3,"early_low","early","cont_low","cont",775.1,548.1,6964.2,6127.3,0,6127.3,NA,NA,NA,NA,29,3,"early_low","early","low",0.533333333333333,4905.15365103766,206.152380952381,36.75,14.7743902986097,0
"136",31,"low",4,"late_low","late","cont_low","cont",0.03,0.02,0.28,0.58,0,NA,NA,NA,NA,0.58,31,4,"late_low","late","low",0.288888888888889,2466.6,189.738461538462,101.769230769231,43.2861676253778,0
"137",31,"low",4,"late_low","late","cont_low","cont",775.1,548.1,6964.2,6127.3,0,6127.3,NA,NA,NA,NA,31,4,"late_low","late","low",0.288888888888889,2466.6,189.738461538462,101.769230769231,43.2861676253778,0
"138",31,"low",4,"late_low","late","cont_low","cont",0.8,0.6,7.6,10.3,0,NA,NA,10.3,NA,NA,31,4,"late_low","late","low",0.288888888888889,2466.6,189.738461538462,101.769230769231,43.2861676253778,0
"139",31,"low",4,"late_low","late","cont_low","cont",10.2,1.4,2.9,33.4,0,NA,33.4,NA,NA,NA,31,4,"late_low","late","low",0.288888888888889,2466.6,189.738461538462,101.769230769231,43.2861676253778,0
"140",31,"low",4,"late_low","late","cont_low","cont",53.8,7.5,15.1,236.5,0,NA,NA,NA,236.5,NA,31,4,"late_low","late","low",0.288888888888889,2466.6,189.738461538462,101.769230769231,43.2861676253778,0
"141",32,"low",4,"same_low","same","cont_low","cont",0.03,0.02,0.28,0.58,0,NA,NA,NA,NA,0.58,32,4,"same_low","same","low",0.488888888888889,3850,175,50.7272727272727,29.7404355464661,0.566666666666667
"142",32,"low",4,"same_low","same","cont_low","cont",53.8,7.5,15.1,236.5,0,NA,NA,NA,236.5,NA,32,4,"same_low","same","low",0.488888888888889,3850,175,50.7272727272727,29.7404355464661,0.566666666666667
"143",32,"low",4,"same_low","same","cont_low","cont",0.8,0.6,7.6,10.3,0,NA,NA,10.3,NA,NA,32,4,"same_low","same","low",0.488888888888889,3850,175,50.7272727272727,29.7404355464661,0.566666666666667
"144",32,"low",4,"same_low","same","cont_low","cont",10.2,1.4,2.9,33.4,0,NA,33.4,NA,NA,NA,32,4,"same_low","same","low",0.488888888888889,3850,175,50.7272727272727,29.7404355464661,0.566666666666667
"145",32,"low",4,"same_low","same","cont_low","cont",775.1,548.1,6964.2,6127.3,0,6127.3,NA,NA,NA,NA,32,4,"same_low","same","low",0.488888888888889,3850,175,50.7272727272727,29.7404355464661,0.566666666666667
"146",33,"low",4,"early_low","early","cont_low","cont",10.2,1.4,2.9,33.4,0,NA,33.4,NA,NA,NA,33,4,"early_low","early","low",0.555555555555556,4572.75365103766,181.672727272727,41.12,18.333303030278,0
"147",33,"low",4,"early_low","early","cont_low","cont",775.1,548.1,6964.2,6127.3,0,6127.3,NA,NA,NA,NA,33,4,"early_low","early","low",0.555555555555556,4572.75365103766,181.672727272727,41.12,18.333303030278,0
"148",33,"low",4,"early_low","early","cont_low","cont",0.03,0.02,0.28,0.58,0,NA,NA,NA,NA,0.58,33,4,"early_low","early","low",0.555555555555556,4572.75365103766,181.672727272727,41.12,18.333303030278,0
"149",33,"low",4,"early_low","early","cont_low","cont",53.8,7.5,15.1,236.5,0,NA,NA,NA,236.5,NA,33,4,"early_low","early","low",0.555555555555556,4572.75365103766,181.672727272727,41.12,18.333303030278,0
"150",33,"low",4,"early_low","early","cont_low","cont",0.8,0.6,7.6,10.3,0,NA,NA,10.3,NA,NA,33,4,"early_low","early","low",0.555555555555556,4572.75365103766,181.672727272727,41.12,18.333303030278,0
"151",34,"high",4,"same_high","same","cont_high","cont",41.9,6.2,12.4,177.2,0,NA,NA,NA,177.2,NA,34,4,"same_high","same","high",0.311111111111111,2848.98455034589,204.384615384615,98.7857142857143,27.5741756873196,0.0666666666666667
"152",34,"high",4,"same_high","same","cont_high","cont",1678.3,1186.7,15078.9,5035.4,0,5035.4,NA,NA,NA,NA,34,4,"same_high","same","high",0.311111111111111,2848.98455034589,204.384615384615,98.7857142857143,27.5741756873196,0.0666666666666667
"153",34,"high",4,"same_high","same","cont_high","cont",5.6,4,50.2,15.1,0,NA,NA,15.1,NA,NA,34,4,"same_high","same","high",0.311111111111111,2848.98455034589,204.384615384615,98.7857142857143,27.5741756873196,0.0666666666666667
"154",34,"high",4,"same_high","same","cont_high","cont",24.4,3.3,6.5,55.8,0,NA,55.8,NA,NA,NA,34,4,"same_high","same","high",0.311111111111111,2848.98455034589,204.384615384615,98.7857142857143,27.5741756873196,0.0666666666666667
"155",34,"high",4,"same_high","same","cont_high","cont",0.22,0.16,1.98,0.62,0,NA,NA,NA,NA,0.62,34,4,"same_high","same","high",0.311111111111111,2848.98455034589,204.384615384615,98.7857142857143,27.5741756873196,0.0666666666666667
"156",35,"med",4,"same_med","same","cont_med","cont",0.03,0.02,0.28,0.69,0,NA,NA,NA,NA,0.69,35,4,"same_med","same","med",0.666666666666667,5517.85365103766,183.033333333333,61.9,29.1634513827106,0.566666666666667
"157",35,"med",4,"same_med","same","cont_med","cont",1.3,0.9,11.9,16.9,0,NA,NA,16.9,NA,NA,35,4,"same_med","same","med",0.666666666666667,5517.85365103766,183.033333333333,61.9,29.1634513827106,0.566666666666667
"158",35,"med",4,"same_med","same","cont_med","cont",16.8,2.1,4.3,43.8,0,NA,43.8,NA,NA,NA,35,4,"same_med","same","med",0.666666666666667,5517.85365103766,183.033333333333,61.9,29.1634513827106,0.566666666666667
"159",35,"med",4,"same_med","same","cont_med","cont",45.8,6.1,12.3,197.4,0,NA,NA,NA,197.4,NA,35,4,"same_med","same","med",0.666666666666667,5517.85365103766,183.033333333333,61.9,29.1634513827106,0.566666666666667
"160",35,"med",4,"same_med","same","cont_med","cont",497.2,351.6,4467.5,6102.8,0,6102.8,NA,NA,NA,NA,35,4,"same_med","same","med",0.666666666666667,5517.85365103766,183.033333333333,61.9,29.1634513827106,0.566666666666667
"161",36,"high",4,"late_high","late","cont_high","cont",24.4,3.3,6.5,55.8,0,NA,55.8,NA,NA,NA,36,4,"late_high","late","high",0.533333333333333,4756.75365103766,199.085714285714,95.7916666666667,27.3590922279273,0.1
"162",36,"high",4,"late_high","late","cont_high","cont",41.9,6.2,12.4,177.2,0,NA,NA,NA,177.2,NA,36,4,"late_high","late","high",0.533333333333333,4756.75365103766,199.085714285714,95.7916666666667,27.3590922279273,0.1
"163",36,"high",4,"late_high","late","cont_high","cont",0.22,0.16,1.98,0.62,0,NA,NA,NA,NA,0.62,36,4,"late_high","late","high",0.533333333333333,4756.75365103766,199.085714285714,95.7916666666667,27.3590922279273,0.1
"164",36,"high",4,"late_high","late","cont_high","cont",5.6,4,50.2,15.1,0,NA,NA,15.1,NA,NA,36,4,"late_high","late","high",0.533333333333333,4756.75365103766,199.085714285714,95.7916666666667,27.3590922279273,0.1
"165",36,"high",4,"late_high","late","cont_high","cont",1678.3,1186.7,15078.9,5035.4,0,5035.4,NA,NA,NA,NA,36,4,"late_high","late","high",0.533333333333333,4756.75365103766,199.085714285714,95.7916666666667,27.3590922279273,0.1
"166",37,"high",4,"early_high","early","cont_high","cont",0.22,0.16,1.98,0.62,0,NA,NA,NA,NA,0.62,37,4,"early_high","early","high",0.777777777777778,7152.28455034589,204.714705882353,58.1142857142857,15.4325313934586,0.233333333333333
"167",37,"high",4,"early_high","early","cont_high","cont",1678.3,1186.7,15078.9,5035.4,0,5035.4,NA,NA,NA,NA,37,4,"early_high","early","high",0.777777777777778,7152.28455034589,204.714705882353,58.1142857142857,15.4325313934586,0.233333333333333
"168",37,"high",4,"early_high","early","cont_high","cont",5.6,4,50.2,15.1,0,NA,NA,15.1,NA,NA,37,4,"early_high","early","high",0.777777777777778,7152.28455034589,204.714705882353,58.1142857142857,15.4325313934586,0.233333333333333
"169",37,"high",4,"early_high","early","cont_high","cont",24.4,3.3,6.5,55.8,0,NA,55.8,NA,NA,NA,37,4,"early_high","early","high",0.777777777777778,7152.28455034589,204.714705882353,58.1142857142857,15.4325313934586,0.233333333333333
"170",37,"high",4,"early_high","early","cont_high","cont",41.9,6.2,12.4,177.2,0,NA,NA,NA,177.2,NA,37,4,"early_high","early","high",0.777777777777778,7152.28455034589,204.714705882353,58.1142857142857,15.4325313934586,0.233333333333333
"171",38,"med",4,"early_med","early","cont_med","cont",0.03,0.02,0.28,0.69,0,NA,NA,NA,NA,0.69,38,4,"early_med","early","med",0.755555555555556,6062.78455034589,177.90303030303,47.6176470588235,25.0103187260928,0.0333333333333333
"172",38,"med",4,"early_med","early","cont_med","cont",1.3,0.9,11.9,16.9,0,NA,NA,16.9,NA,NA,38,4,"early_med","early","med",0.755555555555556,6062.78455034589,177.90303030303,47.6176470588235,25.0103187260928,0.0333333333333333
"173",38,"med",4,"early_med","early","cont_med","cont",16.8,2.1,4.3,43.8,0,NA,43.8,NA,NA,NA,38,4,"early_med","early","med",0.755555555555556,6062.78455034589,177.90303030303,47.6176470588235,25.0103187260928,0.0333333333333333
"174",38,"med",4,"early_med","early","cont_med","cont",45.8,6.1,12.3,197.4,0,NA,NA,NA,197.4,NA,38,4,"early_med","early","med",0.755555555555556,6062.78455034589,177.90303030303,47.6176470588235,25.0103187260928,0.0333333333333333
"175",38,"med",4,"early_med","early","cont_med","cont",497.2,351.6,4467.5,6102.8,0,6102.8,NA,NA,NA,NA,38,4,"early_med","early","med",0.755555555555556,6062.78455034589,177.90303030303,47.6176470588235,25.0103187260928,0.0333333333333333
"176",39,"med",4,"late_med","late","cont_med","cont",45.8,6.1,12.3,197.4,0,NA,NA,NA,197.4,NA,39,4,"late_med","late","med",0.622222222222222,5950.8,212.528571428571,82.0357142857143,12.7351428116791,0.2
"177",39,"med",4,"late_med","late","cont_med","cont",1.3,0.9,11.9,16.9,0,NA,NA,16.9,NA,NA,39,4,"late_med","late","med",0.622222222222222,5950.8,212.528571428571,82.0357142857143,12.7351428116791,0.2
"178",39,"med",4,"late_med","late","cont_med","cont",16.8,2.1,4.3,43.8,0,NA,43.8,NA,NA,NA,39,4,"late_med","late","med",0.622222222222222,5950.8,212.528571428571,82.0357142857143,12.7351428116791,0.2
"179",39,"med",4,"late_med","late","cont_med","cont",497.2,351.6,4467.5,6102.8,0,6102.8,NA,NA,NA,NA,39,4,"late_med","late","med",0.622222222222222,5950.8,212.528571428571,82.0357142857143,12.7351428116791,0.2
"180",39,"med",4,"late_med","late","cont_med","cont",0.03,0.02,0.28,0.69,0,NA,NA,NA,NA,0.69,39,4,"late_med","late","med",0.622222222222222,5950.8,212.528571428571,82.0357142857143,12.7351428116791,0.2
"181",41,"high",5,"late_high","late","cont_high","cont",0.22,0.16,1.98,0.62,0,NA,NA,NA,NA,0.62,41,5,"late_high","late","high",0.311111111111111,2690.78455034589,192.215384615385,112.428571428571,17.8313219912614,0.0666666666666667
"182",41,"high",5,"late_high","late","cont_high","cont",41.9,6.2,12.4,177.2,0,NA,NA,NA,177.2,NA,41,5,"late_high","late","high",0.311111111111111,2690.78455034589,192.215384615385,112.428571428571,17.8313219912614,0.0666666666666667
"183",41,"high",5,"late_high","late","cont_high","cont",1678.3,1186.7,15078.9,5035.4,0,5035.4,NA,NA,NA,NA,41,5,"late_high","late","high",0.311111111111111,2690.78455034589,192.215384615385,112.428571428571,17.8313219912614,0.0666666666666667
"184",41,"high",5,"late_high","late","cont_high","cont",5.6,4,50.2,15.1,0,NA,NA,15.1,NA,NA,41,5,"late_high","late","high",0.311111111111111,2690.78455034589,192.215384615385,112.428571428571,17.8313219912614,0.0666666666666667
"185",41,"high",5,"late_high","late","cont_high","cont",24.4,3.3,6.5,55.8,0,NA,55.8,NA,NA,NA,41,5,"late_high","late","high",0.311111111111111,2690.78455034589,192.215384615385,112.428571428571,17.8313219912614,0.0666666666666667
"186",42,"low",5,"early_low","early","cont_low","cont",10.2,1.4,2.9,33.4,0,NA,33.4,NA,NA,NA,42,5,"early_low","early","low",0.622222222222222,5493,196.178571428571,40.1071428571429,17.1557986864916,0
"187",42,"low",5,"early_low","early","cont_low","cont",775.1,548.1,6964.2,6127.3,0,6127.3,NA,NA,NA,NA,42,5,"early_low","early","low",0.622222222222222,5493,196.178571428571,40.1071428571429,17.1557986864916,0
"188",42,"low",5,"early_low","early","cont_low","cont",0.03,0.02,0.28,0.58,0,NA,NA,NA,NA,0.58,42,5,"early_low","early","low",0.622222222222222,5493,196.178571428571,40.1071428571429,17.1557986864916,0
"189",42,"low",5,"early_low","early","cont_low","cont",53.8,7.5,15.1,236.5,0,NA,NA,NA,236.5,NA,42,5,"early_low","early","low",0.622222222222222,5493,196.178571428571,40.1071428571429,17.1557986864916,0
"190",42,"low",5,"early_low","early","cont_low","cont",0.8,0.6,7.6,10.3,0,NA,NA,10.3,NA,NA,42,5,"early_low","early","low",0.622222222222222,5493,196.178571428571,40.1071428571429,17.1557986864916,0
"191",43,"med",5,"same_med","same","cont_med","cont",45.8,6.1,12.3,197.4,0,NA,NA,NA,197.4,NA,43,5,"same_med","same","med",0.711111111111111,5965.16910069178,186.04,70.21875,26.8877407909015,0.7
"192",43,"med",5,"same_med","same","cont_med","cont",0.03,0.02,0.28,0.69,0,NA,NA,NA,NA,0.69,43,5,"same_med","same","med",0.711111111111111,5965.16910069178,186.04,70.21875,26.8877407909015,0.7
"193",43,"med",5,"same_med","same","cont_med","cont",1.3,0.9,11.9,16.9,0,NA,NA,16.9,NA,NA,43,5,"same_med","same","med",0.711111111111111,5965.16910069178,186.04,70.21875,26.8877407909015,0.7
"194",43,"med",5,"same_med","same","cont_med","cont",16.8,2.1,4.3,43.8,0,NA,43.8,NA,NA,NA,43,5,"same_med","same","med",0.711111111111111,5965.16910069178,186.04,70.21875,26.8877407909015,0.7
"195",43,"med",5,"same_med","same","cont_med","cont",497.2,351.6,4467.5,6102.8,0,6102.8,NA,NA,NA,NA,43,5,"same_med","same","med",0.711111111111111,5965.16910069178,186.04,70.21875,26.8877407909015,0.7
"196",44,"high",5,"same_high","same","cont_high","cont",5.6,4,50.2,15.1,0,NA,NA,15.1,NA,NA,44,5,"same_high","same","high",0.444444444444444,3543.08455034589,176.373684210526,77.8,23.9354394811939,0.133333333333333
"197",44,"high",5,"same_high","same","cont_high","cont",41.9,6.2,12.4,177.2,0,NA,NA,NA,177.2,NA,44,5,"same_high","same","high",0.444444444444444,3543.08455034589,176.373684210526,77.8,23.9354394811939,0.133333333333333
"198",44,"high",5,"same_high","same","cont_high","cont",0.22,0.16,1.98,0.62,0,NA,NA,NA,NA,0.62,44,5,"same_high","same","high",0.444444444444444,3543.08455034589,176.373684210526,77.8,23.9354394811939,0.133333333333333
"199",44,"high",5,"same_high","same","cont_high","cont",24.4,3.3,6.5,55.8,0,NA,55.8,NA,NA,NA,44,5,"same_high","same","high",0.444444444444444,3543.08455034589,176.373684210526,77.8,23.9354394811939,0.133333333333333
"200",44,"high",5,"same_high","same","cont_high","cont",1678.3,1186.7,15078.9,5035.4,0,5035.4,NA,NA,NA,NA,44,5,"same_high","same","high",0.444444444444444,3543.08455034589,176.373684210526,77.8,23.9354394811939,0.133333333333333
"201",45,"low",5,"late_low","late","cont_low","cont",10.2,1.4,2.9,33.4,0,NA,33.4,NA,NA,NA,45,5,"late_low","late","low",0.577777777777778,5031.9,193.534615384615,73.5,21.7499425286597,0.0666666666666667
"202",45,"low",5,"late_low","late","cont_low","cont",53.8,7.5,15.1,236.5,0,NA,NA,NA,236.5,NA,45,5,"late_low","late","low",0.577777777777778,5031.9,193.534615384615,73.5,21.7499425286597,0.0666666666666667
"203",45,"low",5,"late_low","late","cont_low","cont",775.1,548.1,6964.2,6127.3,0,6127.3,NA,NA,NA,NA,45,5,"late_low","late","low",0.577777777777778,5031.9,193.534615384615,73.5,21.7499425286597,0.0666666666666667
"204",45,"low",5,"late_low","late","cont_low","cont",0.03,0.02,0.28,0.58,0,NA,NA,NA,NA,0.58,45,5,"late_low","late","low",0.577777777777778,5031.9,193.534615384615,73.5,21.7499425286597,0.0666666666666667
"205",45,"low",5,"late_low","late","cont_low","cont",0.8,0.6,7.6,10.3,0,NA,NA,10.3,NA,NA,45,5,"late_low","late","low",0.577777777777778,5031.9,193.534615384615,73.5,21.7499425286597,0.0666666666666667
"206",46,"high",5,"early_high","early","cont_high","cont",0.22,0.16,1.98,0.62,0,NA,NA,NA,NA,0.62,46,5,"early_high","early","high",0.622222222222222,4887.08455034589,173.892592592593,44.1428571428571,15.9622570707795,0
"207",46,"high",5,"early_high","early","cont_high","cont",41.9,6.2,12.4,177.2,0,NA,NA,NA,177.2,NA,46,5,"early_high","early","high",0.622222222222222,4887.08455034589,173.892592592593,44.1428571428571,15.9622570707795,0
"208",46,"high",5,"early_high","early","cont_high","cont",1678.3,1186.7,15078.9,5035.4,0,5035.4,NA,NA,NA,NA,46,5,"early_high","early","high",0.622222222222222,4887.08455034589,173.892592592593,44.1428571428571,15.9622570707795,0
"209",46,"high",5,"early_high","early","cont_high","cont",5.6,4,50.2,15.1,0,NA,NA,15.1,NA,NA,46,5,"early_high","early","high",0.622222222222222,4887.08455034589,173.892592592593,44.1428571428571,15.9622570707795,0
"210",46,"high",5,"early_high","early","cont_high","cont",24.4,3.3,6.5,55.8,0,NA,55.8,NA,NA,NA,46,5,"early_high","early","high",0.622222222222222,4887.08455034589,173.892592592593,44.1428571428571,15.9622570707795,0
"211",47,"low",5,"same_low","same","cont_low","cont",53.8,7.5,15.1,236.5,0,NA,NA,NA,236.5,NA,47,5,"same_low","same","low",0.511111111111111,4153.78455034589,180.081818181818,49.6086956521739,23.7098735291186,0.166666666666667
"212",47,"low",5,"same_low","same","cont_low","cont",775.1,548.1,6964.2,6127.3,0,6127.3,NA,NA,NA,NA,47,5,"same_low","same","low",0.511111111111111,4153.78455034589,180.081818181818,49.6086956521739,23.7098735291186,0.166666666666667
"213",47,"low",5,"same_low","same","cont_low","cont",0.03,0.02,0.28,0.58,0,NA,NA,NA,NA,0.58,47,5,"same_low","same","low",0.511111111111111,4153.78455034589,180.081818181818,49.6086956521739,23.7098735291186,0.166666666666667
"214",47,"low",5,"same_low","same","cont_low","cont",10.2,1.4,2.9,33.4,0,NA,33.4,NA,NA,NA,47,5,"same_low","same","low",0.511111111111111,4153.78455034589,180.081818181818,49.6086956521739,23.7098735291186,0.166666666666667
"215",47,"low",5,"same_low","same","cont_low","cont",0.8,0.6,7.6,10.3,0,NA,NA,10.3,NA,NA,47,5,"same_low","same","low",0.511111111111111,4153.78455034589,180.081818181818,49.6086956521739,23.7098735291186,0.166666666666667
"216",48,"med",5,"early_med","early","cont_med","cont",45.8,6.1,12.3,197.4,0,NA,NA,NA,197.4,NA,48,5,"early_med","early","med",0.622222222222222,5804.4,207.3,38.6428571428571,15.5806486949874,0.566666666666667
"217",48,"med",5,"early_med","early","cont_med","cont",1.3,0.9,11.9,16.9,0,NA,NA,16.9,NA,NA,48,5,"early_med","early","med",0.622222222222222,5804.4,207.3,38.6428571428571,15.5806486949874,0.566666666666667
"218",48,"med",5,"early_med","early","cont_med","cont",16.8,2.1,4.3,43.8,0,NA,43.8,NA,NA,NA,48,5,"early_med","early","med",0.622222222222222,5804.4,207.3,38.6428571428571,15.5806486949874,0.566666666666667
"219",48,"med",5,"early_med","early","cont_med","cont",497.2,351.6,4467.5,6102.8,0,6102.8,NA,NA,NA,NA,48,5,"early_med","early","med",0.622222222222222,5804.4,207.3,38.6428571428571,15.5806486949874,0.566666666666667
"220",48,"med",5,"early_med","early","cont_med","cont",0.03,0.02,0.28,0.69,0,NA,NA,NA,NA,0.69,48,5,"early_med","early","med",0.622222222222222,5804.4,207.3,38.6428571428571,15.5806486949874,0.566666666666667
"221",49,"med",5,"late_med","late","cont_med","cont",0.03,0.02,0.28,0.69,0,NA,NA,NA,NA,0.69,49,5,"late_med","late","med",0.311111111111111,2520.96910069178,178.083333333333,115.714285714286,16.8633812260064,0.233333333333333
"222",49,"med",5,"late_med","late","cont_med","cont",1.3,0.9,11.9,16.9,0,NA,NA,16.9,NA,NA,49,5,"late_med","late","med",0.311111111111111,2520.96910069178,178.083333333333,115.714285714286,16.8633812260064,0.233333333333333
"223",49,"med",5,"late_med","late","cont_med","cont",497.2,351.6,4467.5,6102.8,0,6102.8,NA,NA,NA,NA,49,5,"late_med","late","med",0.311111111111111,2520.96910069178,178.083333333333,115.714285714286,16.8633812260064,0.233333333333333
"224",49,"med",5,"late_med","late","cont_med","cont",45.8,6.1,12.3,197.4,0,NA,NA,NA,197.4,NA,49,5,"late_med","late","med",0.311111111111111,2520.96910069178,178.083333333333,115.714285714286,16.8633812260064,0.233333333333333
"225",49,"med",5,"late_med","late","cont_med","cont",16.8,2.1,4.3,43.8,0,NA,43.8,NA,NA,NA,49,5,"late_med","late","med",0.311111111111111,2520.96910069178,178.083333333333,115.714285714286,16.8633812260064,0.233333333333333
"226",51,"med",6,"late_med","late","cont_med","cont",497.2,351.6,4467.5,6102.8,0,6102.8,NA,NA,NA,NA,51,6,"late_med","late","med",0.444444444444444,3948.18455034589,197.694736842105,60.35,19.9242644980806,0.0666666666666667
"227",51,"med",6,"late_med","late","cont_med","cont",45.8,6.1,12.3,197.4,0,NA,NA,NA,197.4,NA,51,6,"late_med","late","med",0.444444444444444,3948.18455034589,197.694736842105,60.35,19.9242644980806,0.0666666666666667
"228",51,"med",6,"late_med","late","cont_med","cont",1.3,0.9,11.9,16.9,0,NA,NA,16.9,NA,NA,51,6,"late_med","late","med",0.444444444444444,3948.18455034589,197.694736842105,60.35,19.9242644980806,0.0666666666666667
"229",51,"med",6,"late_med","late","cont_med","cont",16.8,2.1,4.3,43.8,0,NA,43.8,NA,NA,NA,51,6,"late_med","late","med",0.444444444444444,3948.18455034589,197.694736842105,60.35,19.9242644980806,0.0666666666666667
"230",51,"med",6,"late_med","late","cont_med","cont",0.03,0.02,0.28,0.69,0,NA,NA,NA,NA,0.69,51,6,"late_med","late","med",0.444444444444444,3948.18455034589,197.694736842105,60.35,19.9242644980806,0.0666666666666667
"231",52,"high",6,"early_high","early","cont_high","cont",5.6,4,50.2,15.1,0,NA,NA,15.1,NA,NA,52,6,"early_high","early","high",0.555555555555556,4256.83820138355,166.138095238095,48,18.3620986454889,0.266666666666667
"232",52,"high",6,"early_high","early","cont_high","cont",41.9,6.2,12.4,177.2,0,NA,NA,NA,177.2,NA,52,6,"early_high","early","high",0.555555555555556,4256.83820138355,166.138095238095,48,18.3620986454889,0.266666666666667
"233",52,"high",6,"early_high","early","cont_high","cont",0.22,0.16,1.98,0.62,0,NA,NA,NA,NA,0.62,52,6,"early_high","early","high",0.555555555555556,4256.83820138355,166.138095238095,48,18.3620986454889,0.266666666666667
"234",52,"high",6,"early_high","early","cont_high","cont",24.4,3.3,6.5,55.8,0,NA,55.8,NA,NA,NA,52,6,"early_high","early","high",0.555555555555556,4256.83820138355,166.138095238095,48,18.3620986454889,0.266666666666667
"235",52,"high",6,"early_high","early","cont_high","cont",1678.3,1186.7,15078.9,5035.4,0,5035.4,NA,NA,NA,NA,52,6,"early_high","early","high",0.555555555555556,4256.83820138355,166.138095238095,48,18.3620986454889,0.266666666666667
"236",53,"med",6,"early_med","early","cont_med","cont",45.8,6.1,12.3,197.4,0,NA,NA,NA,197.4,NA,53,6,"early_med","early","med",0.777777777777778,6642.48455034589,189.720588235294,48.9428571428571,19.7229977096653,0.333333333333333
"237",53,"med",6,"early_med","early","cont_med","cont",0.03,0.02,0.28,0.69,0,NA,NA,NA,NA,0.69,53,6,"early_med","early","med",0.777777777777778,6642.48455034589,189.720588235294,48.9428571428571,19.7229977096653,0.333333333333333
"238",53,"med",6,"early_med","early","cont_med","cont",1.3,0.9,11.9,16.9,0,NA,NA,16.9,NA,NA,53,6,"early_med","early","med",0.777777777777778,6642.48455034589,189.720588235294,48.9428571428571,19.7229977096653,0.333333333333333
"239",53,"med",6,"early_med","early","cont_med","cont",16.8,2.1,4.3,43.8,0,NA,43.8,NA,NA,NA,53,6,"early_med","early","med",0.777777777777778,6642.48455034589,189.720588235294,48.9428571428571,19.7229977096653,0.333333333333333
"240",53,"med",6,"early_med","early","cont_med","cont",497.2,351.6,4467.5,6102.8,0,6102.8,NA,NA,NA,NA,53,6,"early_med","early","med",0.777777777777778,6642.48455034589,189.720588235294,48.9428571428571,19.7229977096653,0.333333333333333
"241",54,"high",6,"same_high","same","cont_high","cont",24.4,3.3,6.5,55.8,0,NA,55.8,NA,NA,NA,54,6,"same_high","same","high",0.422222222222222,3417.06910069178,178.417647058824,82.3684210526316,19.793968010246,0
"242",54,"high",6,"same_high","same","cont_high","cont",41.9,6.2,12.4,177.2,0,NA,NA,NA,177.2,NA,54,6,"same_high","same","high",0.422222222222222,3417.06910069178,178.417647058824,82.3684210526316,19.793968010246,0
"243",54,"high",6,"same_high","same","cont_high","cont",0.22,0.16,1.98,0.62,0,NA,NA,NA,NA,0.62,54,6,"same_high","same","high",0.422222222222222,3417.06910069178,178.417647058824,82.3684210526316,19.793968010246,0
"244",54,"high",6,"same_high","same","cont_high","cont",5.6,4,50.2,15.1,0,NA,NA,15.1,NA,NA,54,6,"same_high","same","high",0.422222222222222,3417.06910069178,178.417647058824,82.3684210526316,19.793968010246,0
"245",54,"high",6,"same_high","same","cont_high","cont",1678.3,1186.7,15078.9,5035.4,0,5035.4,NA,NA,NA,NA,54,6,"same_high","same","high",0.422222222222222,3417.06910069178,178.417647058824,82.3684210526316,19.793968010246,0
"246",55,"low",6,"early_low","early","cont_low","cont",53.8,7.5,15.1,236.5,0,NA,NA,NA,236.5,NA,55,6,"early_low","early","low",0.488888888888889,4177.28455034589,189.77619047619,36.7272727272727,17.7607963629418,0.466666666666667
"247",55,"low",6,"early_low","early","cont_low","cont",775.1,548.1,6964.2,6127.3,0,6127.3,NA,NA,NA,NA,55,6,"early_low","early","low",0.488888888888889,4177.28455034589,189.77619047619,36.7272727272727,17.7607963629418,0.466666666666667
"248",55,"low",6,"early_low","early","cont_low","cont",0.03,0.02,0.28,0.58,0,NA,NA,NA,NA,0.58,55,6,"early_low","early","low",0.488888888888889,4177.28455034589,189.77619047619,36.7272727272727,17.7607963629418,0.466666666666667
"249",55,"low",6,"early_low","early","cont_low","cont",10.2,1.4,2.9,33.4,0,NA,33.4,NA,NA,NA,55,6,"early_low","early","low",0.488888888888889,4177.28455034589,189.77619047619,36.7272727272727,17.7607963629418,0.466666666666667
"250",55,"low",6,"early_low","early","cont_low","cont",0.8,0.6,7.6,10.3,0,NA,NA,10.3,NA,NA,55,6,"early_low","early","low",0.488888888888889,4177.28455034589,189.77619047619,36.7272727272727,17.7607963629418,0.466666666666667
"251",56,"high",6,"late_high","late","cont_high","cont",0.22,0.16,1.98,0.62,0,NA,NA,NA,NA,0.62,56,6,"late_high","late","high",0.644444444444444,6844.88455034589,237.603571428571,87.0689655172414,14.2300763838999,0.133333333333333
"252",56,"high",6,"late_high","late","cont_high","cont",41.9,6.2,12.4,177.2,0,NA,NA,NA,177.2,NA,56,6,"late_high","late","high",0.644444444444444,6844.88455034589,237.603571428571,87.0689655172414,14.2300763838999,0.133333333333333
"253",56,"high",6,"late_high","late","cont_high","cont",1678.3,1186.7,15078.9,5035.4,0,5035.4,NA,NA,NA,NA,56,6,"late_high","late","high",0.644444444444444,6844.88455034589,237.603571428571,87.0689655172414,14.2300763838999,0.133333333333333
"254",56,"high",6,"late_high","late","cont_high","cont",5.6,4,50.2,15.1,0,NA,NA,15.1,NA,NA,56,6,"late_high","late","high",0.644444444444444,6844.88455034589,237.603571428571,87.0689655172414,14.2300763838999,0.133333333333333
"255",56,"high",6,"late_high","late","cont_high","cont",24.4,3.3,6.5,55.8,0,NA,55.8,NA,NA,NA,56,6,"late_high","late","high",0.644444444444444,6844.88455034589,237.603571428571,87.0689655172414,14.2300763838999,0.133333333333333
"256",57,"low",6,"same_low","same","cont_low","cont",0.03,0.02,0.28,0.58,0,NA,NA,NA,NA,0.58,57,6,"same_low","same","low",0.6,4747.98455034589,175.230769230769,48.0740740740741,21.0547380487622,0.633333333333333
"257",57,"low",6,"same_low","same","cont_low","cont",10.2,1.4,2.9,33.4,0,NA,33.4,NA,NA,NA,57,6,"same_low","same","low",0.6,4747.98455034589,175.230769230769,48.0740740740741,21.0547380487622,0.633333333333333
"258",57,"low",6,"same_low","same","cont_low","cont",53.8,7.5,15.1,236.5,0,NA,NA,NA,236.5,NA,57,6,"same_low","same","low",0.6,4747.98455034589,175.230769230769,48.0740740740741,21.0547380487622,0.633333333333333
"259",57,"low",6,"same_low","same","cont_low","cont",0.8,0.6,7.6,10.3,0,NA,NA,10.3,NA,NA,57,6,"same_low","same","low",0.6,4747.98455034589,175.230769230769,48.0740740740741,21.0547380487622,0.633333333333333
"260",57,"low",6,"same_low","same","cont_low","cont",775.1,548.1,6964.2,6127.3,0,6127.3,NA,NA,NA,NA,57,6,"same_low","same","low",0.6,4747.98455034589,175.230769230769,48.0740740740741,21.0547380487622,0.633333333333333
"261",58,"med",6,"same_med","same","cont_med","cont",0.03,0.02,0.28,0.69,0,NA,NA,NA,NA,0.69,58,6,"same_med","same","med",0.4,3061.6,170.088888888889,59.8333333333333,24.9074758444363,0.133333333333333
"262",58,"med",6,"same_med","same","cont_med","cont",1.3,0.9,11.9,16.9,0,NA,NA,16.9,NA,NA,58,6,"same_med","same","med",0.4,3061.6,170.088888888889,59.8333333333333,24.9074758444363,0.133333333333333
"263",58,"med",6,"same_med","same","cont_med","cont",16.8,2.1,4.3,43.8,0,NA,43.8,NA,NA,NA,58,6,"same_med","same","med",0.4,3061.6,170.088888888889,59.8333333333333,24.9074758444363,0.133333333333333
"264",58,"med",6,"same_med","same","cont_med","cont",45.8,6.1,12.3,197.4,0,NA,NA,NA,197.4,NA,58,6,"same_med","same","med",0.4,3061.6,170.088888888889,59.8333333333333,24.9074758444363,0.133333333333333
"265",58,"med",6,"same_med","same","cont_med","cont",497.2,351.6,4467.5,6102.8,0,6102.8,NA,NA,NA,NA,58,6,"same_med","same","med",0.4,3061.6,170.088888888889,59.8333333333333,24.9074758444363,0.133333333333333
"266",59,"low",6,"late_low","late","cont_low","cont",53.8,7.5,15.1,236.5,0,NA,NA,NA,236.5,NA,59,6,"late_low","late","low",0.444444444444444,3649.68455034589,181.984210526316,63.05,44.2415320473278,0.0333333333333333
"267",59,"low",6,"late_low","late","cont_low","cont",775.1,548.1,6964.2,6127.3,0,6127.3,NA,NA,NA,NA,59,6,"late_low","late","low",0.444444444444444,3649.68455034589,181.984210526316,63.05,44.2415320473278,0.0333333333333333
"268",59,"low",6,"late_low","late","cont_low","cont",0.03,0.02,0.28,0.58,0,NA,NA,NA,NA,0.58,59,6,"late_low","late","low",0.444444444444444,3649.68455034589,181.984210526316,63.05,44.2415320473278,0.0333333333333333
"269",59,"low",6,"late_low","late","cont_low","cont",10.2,1.4,2.9,33.4,0,NA,33.4,NA,NA,NA,59,6,"late_low","late","low",0.444444444444444,3649.68455034589,181.984210526316,63.05,44.2415320473278,0.0333333333333333
"270",59,"low",6,"late_low","late","cont_low","cont",0.8,0.6,7.6,10.3,0,NA,NA,10.3,NA,NA,59,6,"late_low","late","low",0.444444444444444,3649.68455034589,181.984210526316,63.05,44.2415320473278,0.0333333333333333
